{"Position": {"x": 9.218776566455668, "y": -1.9740400023583538, "z": 0}, "Orientation_Quaternion": {"x": 0.01809031011211732, "y": 0.01566785620461274, "z": -0.7961864111695833, "w": 0.6045779169229539}}