{"Position": {"x": 1.424487028556079, "y": -7.245963783892526, "z": 0}, "Orientation_Quaternion": {"x": -0.028118068763467396, "y": -0.00631706518975599, "z": 0.037501223933654695, "w": 0.9988809373993875}}