{"Position": {"x": 7.385445398358655, "y": -7.3781881921817245, "z": 0}, "Orientation_Quaternion": {"x": -0.026502473059298298, "y": 0.010201455940353248, "z": 0.10069343363895035, "w": 0.9945121324752336}}