{"Position": {"x": 1.7822632782104142, "y": -1.3593472750319844, "z": 0}, "Orientation_Quaternion": {"x": -0.04369673884191061, "y": 0.016077173896728164, "z": 0.9983495488110549, "w": 0.033619903075995036}}