{"Position": {"x": 6.774860417886229, "y": -7.327384744167394, "z": 0}, "Orientation_Quaternion": {"x": -0.02302474003704419, "y": 0.008039977520033563, "z": 0.022893961856543386, "w": 0.9994403867255991}}