{"Position": {"x": 6.9162958706931335, "y": -1.3319468821727116, "z": 0}, "Orientation_Quaternion": {"x": -0.035709269358844074, "y": 0.022550322124285878, "z": 0.9981691245188169, "w": -0.043298151361081505}}