{"Position": {"x": 7.391867356142001, "y": -7.387256308333834, "z": 0}, "Orientation_Quaternion": {"x": -0.02742699973907383, "y": 0.009858264161574265, "z": 0.10893049365172061, "w": 0.9936220216288616}}