{"Position": {"x": 0.11099042813270338, "y": -1.240047934709929, "z": 0}, "Orientation_Quaternion": {"x": -0.0463756377170646, "y": 0.015306566473555458, "z": 0.9988036523062082, "w": -0.002504673412922309}}