{"Position": {"x": 7.6155124865441355, "y": -7.329352343166694, "z": 0}, "Orientation_Quaternion": {"x": -0.027690863478463935, "y": 0.010716494266342415, "z": 0.14263752227342366, "w": 0.9893295255222878}}