{"Position": {"x": -0.37295294714778443, "y": -1.1802947757773745, "z": 0}, "Orientation_Quaternion": {"x": -0.0018911051602218264, "y": 0.016854546583280883, "z": 0.035170658628069916, "w": 0.9992373955934659}}