{"Position": {"x": 7.561608952410562, "y": -0.6035364781730919, "z": 0}, "Orientation_Quaternion": {"x": 0.00436049102144033, "y": 0.034737744052332466, "z": 0.020992545782670086, "w": 0.9991664467333604}}