{"Position": {"x": 1.0903255336221285, "y": -0.07494851875684266, "z": 0}, "Orientation_Quaternion": {"x": 0.010961886018641443, "y": 0.025137592876519427, "z": -0.06850711703400043, "w": 0.9972736401785512}}