{"Position": {"x": 9.357631233524206, "y": -4.768234860556859, "z": 0}, "Orientation_Quaternion": {"x": -0.03480053038895756, "y": 0.029726565660632778, "z": 0.7885937896712668, "w": 0.6132088463733879}}