{"Position": {"x": 6.783143237559988, "y": -1.3367503913946175, "z": 0}, "Orientation_Quaternion": {"x": -0.03643814262024301, "y": 0.022483815496278, "z": 0.9981403193640082, "w": -0.0433894303146747}}