{"Position": {"x": 9.196052269254832, "y": -2.178626038931141, "z": 0}, "Orientation_Quaternion": {"x": 0.018090720978938265, "y": 0.01954040277812407, "z": -0.7052125836901951, "w": 0.7084956670853608}}