{"Position": {"x": 7.412563606945135, "y": -7.382103702499537, "z": 0}, "Orientation_Quaternion": {"x": -0.027551676297338797, "y": 0.010232812435063356, "z": 0.11435734156590766, "w": 0.9930048303572616}}