{"Position": {"x": 5.534812232199024, "y": -0.6655162850429768, "z": 0}, "Orientation_Quaternion": {"x": 0.007081130529001575, "y": 0.03349201013167088, "z": -0.030868586194171335, "w": 0.998937071708796}}