{"Position": {"x": 0.29189375324186645, "y": 0.0033146067181339667, "z": 0}, "Orientation_Quaternion": {"x": 0.0066076022271273, "y": 0.029158968126676316, "z": 0.009151204032021168, "w": 0.9995110552842124}}