{"Position": {"x": -0.6793857203616063, "y": -6.8490593069046986, "z": 0}, "Orientation_Quaternion": {"x": -0.004175446816491802, "y": -0.010552553179332421, "z": -0.30124982390246685, "w": 0.9534777149278386}}