{"Position": {"x": 4.607573360037517, "y": -4.4687940243083695, "z": 0}, "Orientation_Quaternion": {"x": -0.03847655878925774, "y": 0.03162492996590627, "z": 0.9986399400012913, "w": -0.015417148329237108}}