{"Position": {"x": -1.0949899417847586, "y": -6.24607636203827, "z": 0}, "Orientation_Quaternion": {"x": 0.027609487607318902, "y": -0.016496663681189436, "z": -0.6713824773806555, "w": 0.7404128208963326}}