{"Position": {"x": 0.7818617052058074, "y": -0.030309881048041127, "z": 0}, "Orientation_Quaternion": {"x": 0.008857460702820143, "y": 0.030356017907974667, "z": -0.0505827926687236, "w": 0.9982191335836544}}