{"Position": {"x": 5.328956800918816, "y": -7.315217673872627, "z": 0}, "Orientation_Quaternion": {"x": -0.022137174550580386, "y": -0.0010139921291280574, "z": 0.02744193768437518, "w": 0.9993777350826893}}