{"Position": {"x": 7.278623757491158, "y": -0.595119693951952, "z": 0}, "Orientation_Quaternion": {"x": 0.005261782604937294, "y": 0.03532158988264177, "z": -0.018908687108987108, "w": 0.9991832466989202}}