{"Position": {"x": 9.270535823173457, "y": -1.8485356374376636, "z": 0}, "Orientation_Quaternion": {"x": 0.01688899022545173, "y": 0.018170443463356403, "z": -0.673214464376692, "w": 0.7390310426142552}}