{"Position": {"x": -0.014537789544662394, "y": 0.0024402174345549282, "z": 0}, "Orientation_Quaternion": {"x": 0.006226778431250782, "y": 0.03191967362111584, "z": 0.0, "w": 0.9994710409342982}}