{"Position": {"x": -0.3676365751085947, "y": -7.023716316866377, "z": 0}, "Orientation_Quaternion": {"x": -0.013671874965393545, "y": -0.00844228917458555, "z": -0.20044290968703288, "w": 0.9795736049652518}}