{"Position": {"x": 6.318737842734254, "y": -1.3695095432670217, "z": 0}, "Orientation_Quaternion": {"x": -0.03788449690558671, "y": 0.021462863737877026, "z": 0.9977315862651466, "w": -0.051339966334368395}}