{"Position": {"x": -1.095912974383286, "y": -6.179104716115568, "z": 0}, "Orientation_Quaternion": {"x": 0.028606417181621074, "y": -0.017425297147372742, "z": -0.6879869229467175, "w": 0.7249496711977075}}