{"Position": {"x": 1.0266865335094, "y": -7.269253795814821, "z": 0}, "Orientation_Quaternion": {"x": -0.027288926925526435, "y": -0.006195594593001827, "z": 0.03378900905418315, "w": 0.999037152433296}}