{"Position": {"x": 9.30919028697738, "y": -4.593920626243268, "z": 0}, "Orientation_Quaternion": {"x": -0.035979900219851806, "y": 0.029028361429843302, "z": 0.771375053879866, "w": 0.6346993991368683}}