{"Position": {"x": -0.01450002816596102, "y": 0.0025004615131125688, "z": 0}, "Orientation_Quaternion": {"x": 0.006355862729300959, "y": 0.03183155102685407, "z": 0.0, "w": 0.9994730388400636}}