{"Position": {"x": 6.550414787119155, "y": -0.5752790967846693, "z": 0}, "Orientation_Quaternion": {"x": 0.006687180520818607, "y": 0.03452302844687196, "z": 0.009658222896777454, "w": 0.9993348592208793}}