{"Position": {"x": 2.8171834560907305, "y": -4.592031102061244, "z": 0}, "Orientation_Quaternion": {"x": -0.047720747664922625, "y": 0.036222192428992696, "z": 0.9974729154079981, "w": -0.03818986836068716}}