{"Position": {"x": 7.521608559386516, "y": -7.355666734510985, "z": 0}, "Orientation_Quaternion": {"x": -0.028266329713178478, "y": 0.01073663789877358, "z": 0.13792854740193064, "w": 0.9899805326483798}}