{"Position": {"x": 9.218372561934519, "y": -2.927206139084186, "z": 0}, "Orientation_Quaternion": {"x": -0.040051714735105985, "y": 0.030040212837554734, "z": 0.7468275642114585, "w": 0.6631304811976539}}