{"Position": {"x": 9.180289092083864, "y": -4.137548779789891, "z": 0}, "Orientation_Quaternion": {"x": -0.023200427626967276, "y": 0.022210426083487757, "z": 0.9991195198514387, "w": -0.02699300248113395}}