{"Position": {"x": 9.145595691992893, "y": -2.2361932361641257, "z": 0}, "Orientation_Quaternion": {"x": -0.0433036591735703, "y": 0.03131169214535109, "z": 0.7333996609324674, "w": 0.6776941112192991}}