{"Position": {"x": 9.296578283330351, "y": -4.335431184258794, "z": 0}, "Orientation_Quaternion": {"x": -0.03378217244213713, "y": 0.02958260059751747, "z": 0.7132935417150656, "w": 0.6994254484321795}}