{"Position": {"x": 9.087990145548606, "y": -1.467310718763134, "z": 0}, "Orientation_Quaternion": {"x": -0.0419900563527561, "y": 0.02990598025262495, "z": 0.7427036116454756, "w": 0.6676329925650683}}