{"Position": {"x": 9.28291252500612, "y": -1.9001198902481635, "z": 0}, "Orientation_Quaternion": {"x": 0.017987465815877696, "y": 0.013536601575663939, "z": -0.8127955347380478, "w": 0.5821139323201218}}