{"Position": {"x": 9.20330445331889, "y": -1.9745600292566596, "z": 0}, "Orientation_Quaternion": {"x": 0.017452211957455836, "y": 0.018678752605810374, "z": -0.7228050193374534, "w": 0.6905790530558152}}