{"Position": {"x": 7.391210931031955, "y": -7.38699217889171, "z": 0}, "Orientation_Quaternion": {"x": -0.027368534953193063, "y": 0.010017950306251468, "z": 0.10884736715696836, "w": 0.9936311461650009}}