{"Position": {"x": 7.259141958596054, "y": -1.3133702326351848, "z": 0}, "Orientation_Quaternion": {"x": -0.03501247969832349, "y": 0.023072579761460734, "z": 0.9980140875087328, "w": -0.047007057583271464}}