{"Position": {"x": 9.319958704588498, "y": -0.40303407314148576, "z": 0}, "Orientation_Quaternion": {"x": 0.02464278750674779, "y": 0.020879376368708995, "z": -0.6518706582263157, "w": 0.7576420194326214}}