{"Position": {"x": 9.33208024082587, "y": -0.37932360997669357, "z": 0}, "Orientation_Quaternion": {"x": 0.00703997569444416, "y": 0.037474989113048654, "z": -0.1393830151231389, "w": 0.9895041379541479}}