{"Position": {"x": 6.8163834862952974, "y": -0.5727654555726045, "z": 0}, "Orientation_Quaternion": {"x": 0.0064720291150211625, "y": 0.03370975628756257, "z": -0.004035711665228051, "w": 0.9994025606338631}}