{"Position": {"x": 9.267318252125248, "y": -1.7829685520325438, "z": 0}, "Orientation_Quaternion": {"x": 0.017155548801011035, "y": 0.016723633049744675, "z": -0.6716638302719132, "w": 0.7404685721537521}}