{"Position": {"x": 9.32794997366086, "y": -6.094258057193272, "z": 0}, "Orientation_Quaternion": {"x": -0.03735132146506105, "y": 0.027153717380145395, "z": 0.6243388062780406, "w": 0.7797875411883446}}