{"Position": {"x": 9.316318487706608, "y": -0.40526960761138964, "z": 0}, "Orientation_Quaternion": {"x": 0.0255106491002788, "y": 0.02020991884700741, "z": -0.6671024292146686, "w": 0.7442547379080419}}