{"Position": {"x": 3.6444942382143894, "y": -4.536790448532174, "z": 0}, "Orientation_Quaternion": {"x": -0.04411098281906519, "y": 0.03488734301942492, "z": 0.998415869450177, "w": 0.001687045295269572}}