{"Position": {"x": 9.248649587600427, "y": -1.6225746559029728, "z": 0}, "Orientation_Quaternion": {"x": 0.024598605420046594, "y": 0.017354603496455817, "z": -0.7127626390280617, "w": 0.7007589790752758}}