{"Position": {"x": 9.259616691268125, "y": -1.6758184976537869, "z": 0}, "Orientation_Quaternion": {"x": 0.01706366631094164, "y": 0.0156573915605201, "z": -0.6852952312528441, "w": 0.7278970554986882}}