{"Position": {"x": 4.700786110974039, "y": -1.505346391123067, "z": 0}, "Orientation_Quaternion": {"x": -0.03840561483452168, "y": 0.020306644431512772, "z": 0.9990044571626355, "w": 0.010136247348118806}}