{"Position": {"x": 9.132295855002415, "y": -2.009097538116793, "z": 0}, "Orientation_Quaternion": {"x": -0.04320996015435865, "y": 0.031440869943534594, "z": 0.7324332224746188, "w": 0.6787384957817686}}