{"Position": {"x": 2.060228072679717, "y": -0.21886297633824262, "z": 0}, "Orientation_Quaternion": {"x": 0.007278298312322849, "y": 0.03132667687051365, "z": -0.0554176331674497, "w": 0.9979451646378399}}