{"Position": {"x": 9.203432153173315, "y": -1.9737050600780335, "z": 0}, "Orientation_Quaternion": {"x": 0.01758448274954402, "y": 0.01880001707169665, "z": -0.7234205230386215, "w": 0.6899275992240507}}