{"Position": {"x": 9.203876278490016, "y": -2.6239895859441846, "z": 0}, "Orientation_Quaternion": {"x": 0.01693744768860834, "y": 0.019112873796251637, "z": -0.6946372380271644, "w": 0.7189067592303168}}