{"Position": {"x": 9.250233962570675, "y": -3.214561285637431, "z": 0}, "Orientation_Quaternion": {"x": -0.03848217064420725, "y": 0.029712025147332163, "z": 0.7408992069828011, "w": 0.6698542253329534}}