{"Position": {"x": 3.8740010664411315, "y": -1.4482814569371458, "z": 0}, "Orientation_Quaternion": {"x": -0.041185662678837685, "y": 0.020489638934182233, "z": 0.9985960254053364, "w": 0.026265832001222414}}