{"Position": {"x": 9.254033982884001, "y": -1.6344500666149742, "z": 0}, "Orientation_Quaternion": {"x": 0.01633371952789316, "y": 0.019616892336028362, "z": -0.6631410045759997, "w": 0.7480590853611732}}