{"Position": {"x": 9.32772066546682, "y": -0.46038055304145886, "z": 0}, "Orientation_Quaternion": {"x": 0.024553436008754558, "y": 0.01988697512447732, "z": -0.6703396139850977, "w": 0.7413814395592008}}