{"Position": {"x": 8.992011957948835, "y": -1.137048046741384, "z": 0}, "Orientation_Quaternion": {"x": -0.036801517984516446, "y": 0.018557096391709615, "z": 0.9962248470013972, "w": -0.07640246504260682}}