{"Position": {"x": 9.198066985852575, "y": -2.380393517532233, "z": 0}, "Orientation_Quaternion": {"x": 0.017528463047674102, "y": 0.019737301273457738, "z": -0.6976012544821111, "w": 0.7159997777001136}}