{"Position": {"x": 9.320266707484388, "y": -0.4026025734998429, "z": 0}, "Orientation_Quaternion": {"x": 0.02464309074951348, "y": 0.020879733684441563, "z": -0.6518706484815134, "w": 0.7576420081066447}}