{"Position": {"x": 9.252277830520862, "y": -1.6319735279603156, "z": 0}, "Orientation_Quaternion": {"x": 0.016671873184461294, "y": 0.018533393246376154, "z": -0.6600450697343683, "w": 0.7508122720751501}}