{"Position": {"x": -0.34639565208134887, "y": -1.2228040320472329, "z": 0}, "Orientation_Quaternion": {"x": -0.032331356181029815, "y": 0.015499084862976614, "z": 0.6799105671816148, "w": 0.7324179697486132}}