{"Position": {"x": -0.35082707096140575, "y": -1.2136003867643157, "z": 0}, "Orientation_Quaternion": {"x": -0.021064468536419637, "y": 0.016964259639617427, "z": 0.4020907975635938, "w": 0.9152002472545726}}