{"Position": {"x": 8.578277262706822, "y": -1.1848107879905272, "z": 0}, "Orientation_Quaternion": {"x": -0.03584006113692191, "y": 0.019393818764113373, "z": 0.9963997762327543, "w": -0.0743428257114547}}