{"Position": {"x": 9.323930608120301, "y": -0.4038335310596494, "z": 0}, "Orientation_Quaternion": {"x": 0.02439757841199885, "y": 0.020167108890983883, "z": -0.6721206992045757, "w": 0.7397647001495556}}