{"Position": {"x": 7.160155172648592, "y": -0.5890084071112771, "z": 0}, "Orientation_Quaternion": {"x": 0.005838994494371473, "y": 0.03464647064518499, "z": -0.02046271259518043, "w": 0.9991730608900412}}