{"Position": {"x": 9.320336325709485, "y": -0.402503570184871, "z": 0}, "Orientation_Quaternion": {"x": 0.02464309074951348, "y": 0.020879733684441563, "z": -0.6518706484815134, "w": 0.7576420081066447}}