{"Position": {"x": 4.508075801345422, "y": -7.319127722808294, "z": 0}, "Orientation_Quaternion": {"x": -0.022837587769891855, "y": 0.0, "z": 0.030579766427054744, "w": 0.9992713958030217}}