{"Position": {"x": 7.396813755327431, "y": -0.605755146397096, "z": 0}, "Orientation_Quaternion": {"x": 0.005078770855567181, "y": 0.03550609692308931, "z": -0.004116141374793791, "w": 0.9993480777727386}}