{"Position": {"x": 8.908603033750321, "y": -1.1410472449252664, "z": 0}, "Orientation_Quaternion": {"x": -0.03611094974535026, "y": 0.020202177190362533, "z": 0.9968136221845261, "w": -0.06819438373226062}}