{"Position": {"x": 9.212498328027202, "y": -2.8802577975494175, "z": 0}, "Orientation_Quaternion": {"x": 0.01503200642490304, "y": 0.0173889156399233, "z": -0.6899878381423893, "w": 0.7234559057823092}}