{"Position": {"x": 9.275969882035163, "y": -1.8544285431624303, "z": 0}, "Orientation_Quaternion": {"x": 0.016996290698540736, "y": 0.017001113086878572, "z": -0.6670928661743002, "w": 0.7445865941283492}}