{"Position": {"x": 5.416948887533622, "y": -4.378204991634348, "z": 0}, "Orientation_Quaternion": {"x": -0.0353496332355323, "y": 0.029654795044593976, "z": 0.9987600954446996, "w": -0.0186887214188508}}