{"Position": {"x": 0.49291756094956196, "y": -0.002197710070466173, "z": 0}, "Orientation_Quaternion": {"x": 0.008881821654961706, "y": 0.03246221449632699, "z": -0.013956646997282317, "w": 0.9993360445208994}}