{"Position": {"x": 8.789348157868547, "y": -1.1554291749766108, "z": 0}, "Orientation_Quaternion": {"x": -0.03557778745714815, "y": 0.019577733351401436, "z": 0.9959245502565484, "w": -0.08053088595543527}}