{"Position": {"x": 7.8285346123499915, "y": -0.5756893029432817, "z": 0}, "Orientation_Quaternion": {"x": 0.0033363402037551245, "y": 0.03406286389525908, "z": 0.05127562992425012, "w": 0.9980978909471602}}