{"Position": {"x": 8.469044271531367, "y": -4.1357096917745, "z": 0}, "Orientation_Quaternion": {"x": -0.026147563448599018, "y": 0.024709817436138263, "z": 0.9993454385367305, "w": -0.0037979367825515236}}