{"Position": {"x": 7.620419048847768, "y": -4.190914455351872, "z": 0}, "Orientation_Quaternion": {"x": -0.027467175403782212, "y": 0.026665867349903866, "z": 0.9988847042385843, "w": -0.02763753664874982}}