{"Position": {"x": 7.391846027159951, "y": -7.38715431784172, "z": 0}, "Orientation_Quaternion": {"x": -0.02751054128335116, "y": 0.009873367437166608, "z": 0.10884058769855297, "w": 0.9936294144212828}}