{"Position": {"x": 9.166013324804984, "y": -2.463921380047377, "z": 0}, "Orientation_Quaternion": {"x": -0.04163796785005439, "y": 0.030461862374627013, "z": 0.7395989223877144, "w": 0.6710676482866079}}