{"Position": {"x": 8.543365325928402, "y": -0.46467997392336763, "z": 0}, "Orientation_Quaternion": {"x": 0.0025866236557958227, "y": 0.03278241309111485, "z": 0.06382199381821256, "w": 0.9974193580811708}}