{"Position": {"x": 9.216634027886931, "y": -1.9735620937850944, "z": 0}, "Orientation_Quaternion": {"x": 0.017764061451634724, "y": 0.016229843503584546, "z": -0.7929756535261476, "w": 0.6087779917304592}}