{"Position": {"x": 8.092933902696211, "y": -7.205547707342666, "z": 0}, "Orientation_Quaternion": {"x": -0.02587228469437045, "y": 0.01396785218801536, "z": 0.13575398999558283, "w": 0.9903062042571612}}