{"Position": {"x": 1.0387474981420062, "y": -4.73663825749536, "z": 0}, "Orientation_Quaternion": {"x": -0.05775744835146539, "y": 0.036496572162638116, "z": 0.9969699373536474, "w": 0.037188995595061405}}