{"Position": {"x": 9.05684109267901, "y": -1.159117802261925, "z": 0}, "Orientation_Quaternion": {"x": -0.04056556598681825, "y": 0.02941641266502438, "z": 0.7505921861778455, "w": 0.6588630203394727}}