{"Position": {"x": -0.3499589075468127, "y": -1.2182776425555595, "z": 0}, "Orientation_Quaternion": {"x": -0.042203149153352895, "y": 0.013502432473236244, "z": 0.8815480149762513, "w": 0.470010293302473}}