{"Position": {"x": 9.2972287562666, "y": -4.180878181277092, "z": 0}, "Orientation_Quaternion": {"x": -0.0339862252775972, "y": 0.028983667111983538, "z": 0.7082597520260138, "w": 0.7045374420087066}}