{"Position": {"x": -0.37978006945190135, "y": -1.177083368382389, "z": 0}, "Orientation_Quaternion": {"x": 0.005316718850135179, "y": 0.031805581764217356, "z": 0.03505692567042475, "w": 0.9988649305245663}}