{"Position": {"x": -0.3660117186817314, "y": -1.1847744383180105, "z": 0}, "Orientation_Quaternion": {"x": -0.007159608342581589, "y": 0.016371991316877308, "z": 0.11908432718754328, "w": 0.9927233355406687}}