{"Position": {"x": 9.195651481364122, "y": -2.173910621694962, "z": 0}, "Orientation_Quaternion": {"x": 0.01801643739246784, "y": 0.01939189841441872, "z": -0.7054257519699554, "w": 0.7082893975750246}}