{"Position": {"x": 9.197626301649052, "y": -2.0805309620319137, "z": 0}, "Orientation_Quaternion": {"x": 0.01809154433977637, "y": 0.01852937211652542, "z": -0.7091996603458449, "w": 0.7045319014478388}}