{"Position": {"x": 9.31933374540565, "y": -0.40378672630662, "z": 0}, "Orientation_Quaternion": {"x": 0.024589215858665272, "y": 0.020892219211879007, "z": -0.6518798939837135, "w": 0.7576354594787927}}