{"Position": {"x": 3.753979784113269, "y": -0.41440070270123, "z": 0}, "Orientation_Quaternion": {"x": 0.005981445471245982, "y": 0.03263343957248087, "z": -0.0460543346706799, "w": 0.9983878400650645}}