{"Position": {"x": 3.5472582439617435, "y": -7.262970814021053, "z": 0}, "Orientation_Quaternion": {"x": -0.02113227184338561, "y": -0.007699144111641169, "z": -0.010391044482814752, "w": 0.9996930411187435}}