{"Position": {"x": 9.298489029754982, "y": -4.125214535352257, "z": 0}, "Orientation_Quaternion": {"x": -0.022450982908213304, "y": 0.020670651822273747, "z": 0.9970457876296522, "w": -0.07048670009061134}}