{"Position": {"x": 9.245247590960775, "y": -3.1551695281201586, "z": 0}, "Orientation_Quaternion": {"x": -0.038768425360412015, "y": 0.02970901487037288, "z": 0.7410972075667305, "w": 0.6696187815222184}}