{"Position": {"x": 8.368810532855761, "y": -7.112698766779985, "z": 0}, "Orientation_Quaternion": {"x": -0.026841039131381424, "y": 0.014564272175463468, "z": 0.18188505073493047, "w": 0.982845495952186}}