{"Position": {"x": 9.299744459101017, "y": -4.441390752223288, "z": 0}, "Orientation_Quaternion": {"x": -0.034240014794154984, "y": 0.029607273589013997, "z": 0.7225232112313652, "w": 0.6898632038088692}}