{"Position": {"x": -1.085604734744566, "y": -6.285081373704041, "z": 0}, "Orientation_Quaternion": {"x": 0.02707650572390537, "y": -0.01570110802834043, "z": -0.6506763244650803, "w": 0.7587098647210798}}