{"Position": {"x": 4.549179769435417, "y": -1.4966843916573023, "z": 0}, "Orientation_Quaternion": {"x": -0.03912805828505821, "y": 0.020578896956269667, "z": 0.9986748259201059, "w": 0.02634570417260691}}