{"Position": {"x": -1.0940226755710445, "y": -6.2468306169341155, "z": 0}, "Orientation_Quaternion": {"x": 0.027466092894713016, "y": -0.01653591022934046, "z": -0.6713723099726621, "w": 0.7404264979158687}}