{"Position": {"x": 5.3208676395228, "y": -1.4743490700988715, "z": 0}, "Orientation_Quaternion": {"x": -0.037260847161306586, "y": 0.019059001444204606, "z": 0.9969415761050705, "w": -0.06599907246249483}}