{"Position": {"x": 9.136438193114872, "y": -6.54579164537985, "z": 0}, "Orientation_Quaternion": {"x": -0.03408801258861707, "y": 0.025125438905846544, "z": 0.48210162995784744, "w": 0.875091274159178}}