{"Position": {"x": 6.7923143041676655, "y": -0.5724752099296829, "z": 0}, "Orientation_Quaternion": {"x": 0.006498452805775349, "y": 0.03371174666767579, "z": -0.002952487004251792, "w": 0.9994061091809652}}