{"Position": {"x": 9.03179298014943, "y": -1.0940034670668597, "z": 0}, "Orientation_Quaternion": {"x": -0.0412183930944737, "y": 0.028994975993911216, "z": 0.8176195729306298, "w": 0.5735490993790826}}