{"Position": {"x": 9.216777642614502, "y": -1.9733693474915788, "z": 0}, "Orientation_Quaternion": {"x": 0.01776532056765224, "y": 0.016345575203570568, "z": -0.7929980038353801, "w": 0.6087457445185924}}