{"Position": {"x": 9.320849837896096, "y": -4.105084557590249, "z": 0}, "Orientation_Quaternion": {"x": 0.010180254277864353, "y": 0.0045527479697572175, "z": -0.8076115100677462, "w": 0.5896094331969736}}