{"Position": {"x": 7.85246100323113, "y": -7.26741440027504, "z": 0}, "Orientation_Quaternion": {"x": -0.025792680020479592, "y": 0.011406880511399119, "z": 0.13092335723463197, "w": 0.99099126901541}}