{"Position": {"x": 7.095369776228398, "y": -1.3242955145347195, "z": 0}, "Orientation_Quaternion": {"x": -0.035137806905893854, "y": 0.024139386232493797, "z": 0.9980588191681213, "w": -0.045400639190412505}}