{"Position": {"x": 9.203867614231779, "y": -1.973106409018407, "z": 0}, "Orientation_Quaternion": {"x": 0.017506345861827553, "y": 0.018964949730189435, "z": -0.7234752673112049, "w": 0.6898676656615224}}