{"Position": {"x": 9.043936905746106, "y": -4.140681407501512, "z": 0}, "Orientation_Quaternion": {"x": -0.02444456189910282, "y": 0.023440679964324158, "z": 0.9994204823320797, "w": -0.003420147874595791}}