{"Position": {"x": 7.391689877822265, "y": -7.387232610034862, "z": 0}, "Orientation_Quaternion": {"x": -0.02747612699610177, "y": 0.01001720620458381, "z": 0.10885948207389559, "w": 0.9936268571187838}}