{"Position": {"x": 2.8386330285555776, "y": -0.3183769673667647, "z": 0}, "Orientation_Quaternion": {"x": 0.007377936084994642, "y": 0.026921140197417252, "z": -0.05193973364938703, "w": 0.9982600274167185}}