{"Position": {"x": 9.298647091934432, "y": -4.462599942764044, "z": 0}, "Orientation_Quaternion": {"x": -0.034762400727168775, "y": 0.029156667770643834, "z": 0.7263289009014413, "w": 0.6858482280617924}}