{"Position": {"x": 9.320594750976506, "y": -0.4023735358387583, "z": 0}, "Orientation_Quaternion": {"x": 0.024539168737775858, "y": 0.020870454450931962, "z": -0.6518777559376644, "w": 0.7576395215683678}}