{"Position": {"x": 6.269809394489003, "y": -0.6313523965988095, "z": 0}, "Orientation_Quaternion": {"x": 0.008023279749026436, "y": 0.026261009374013773, "z": 0.010439688378827907, "w": 0.9995684065011657}}