{"Position": {"x": 9.32044409090724, "y": -0.40235300885216835, "z": 0}, "Orientation_Quaternion": {"x": 0.02464309074951348, "y": 0.020879733684441563, "z": -0.6518706484815134, "w": 0.7576420081066447}}