{"Position": {"x": -0.3734343574563005, "y": -1.180144727070115, "z": 0}, "Orientation_Quaternion": {"x": -0.0018105952911609794, "y": 0.01689340187629545, "z": 0.03512826589857137, "w": 0.999238379793679}}