{"Position": {"x": 6.5503872081416326, "y": -0.5753532325496123, "z": 0}, "Orientation_Quaternion": {"x": 0.006731599745178525, "y": 0.03444849417200643, "z": 0.009661308742134127, "w": 0.9993371032477184}}