{"Position": {"x": 0.16298773636787767, "y": -0.001610448549222196, "z": 0}, "Orientation_Quaternion": {"x": 0.008140360170059415, "y": 0.030838642893920663, "z": 0.009052977149246164, "w": 0.9994502269975719}}