{"Position": {"x": 9.340891530727436, "y": -0.38935948137650306, "z": 0}, "Orientation_Quaternion": {"x": 0.015838593660884304, "y": 0.027288107918749506, "z": -0.45078660242550356, "w": 0.892073952758812}}