{"Position": {"x": 5.5192524749165885, "y": -0.6555290513722208, "z": 0}, "Orientation_Quaternion": {"x": 0.01073941282589557, "y": 0.04271902783938366, "z": -0.06423450848416493, "w": 0.9969622247569918}}