{"Position": {"x": 9.156056837823295, "y": -2.3531648788872404, "z": 0}, "Orientation_Quaternion": {"x": -0.042441866728369, "y": 0.031161181214934722, "z": 0.7363047502023292, "w": 0.6745983868668728}}