{"Position": {"x": -0.3729830886745712, "y": -1.1802770612956592, "z": 0}, "Orientation_Quaternion": {"x": -0.0018593195874109592, "y": 0.016851009422770635, "z": 0.035168963626340664, "w": 0.9992375745585004}}