{"Position": {"x": 5.674081702453945, "y": -0.6601281641653273, "z": 0}, "Orientation_Quaternion": {"x": 0.006415372694528448, "y": 0.03434040014239534, "z": 0.032571505654294695, "w": 0.998858687167841}}