{"Position": {"x": 6.550380081056364, "y": -0.5754116247734989, "z": 0}, "Orientation_Quaternion": {"x": 0.006728278134639786, "y": 0.03443875974000775, "z": 0.009662079807613026, "w": 0.9993374536735348}}