{"Position": {"x": 7.391722302749023, "y": -7.387274094867625, "z": 0}, "Orientation_Quaternion": {"x": -0.02747612699610177, "y": 0.01001720620458381, "z": 0.10885948207389559, "w": 0.9936268571187838}}