{"Position": {"x": -0.014527475229931197, "y": 0.002481894817592825, "z": 0}, "Orientation_Quaternion": {"x": 0.006317060263546251, "y": 0.03189515116988463, "z": 0.0, "w": 0.9994712572562939}}