{"Position": {"x": 8.149394531058917, "y": -0.5302815418405558, "z": 0}, "Orientation_Quaternion": {"x": 0.0024807618177758303, "y": 0.032986100380778954, "z": 0.06789974044544819, "w": 0.9971436146563409}}