{"Position": {"x": 5.819764012363049, "y": -0.6514578783645372, "z": 0}, "Orientation_Quaternion": {"x": 0.006326493565006017, "y": 0.025730500906855743, "z": 0.030352828233989226, "w": 0.999187981623304}}