{"Position": {"x": 0.8316620875214376, "y": -1.2748230177882987, "z": 0}, "Orientation_Quaternion": {"x": -0.04773261390087651, "y": 0.015619753833793257, "z": 0.9978292567717846, "w": 0.04259571798466792}}