{"Position": {"x": 7.3366465686373505, "y": -7.37105669817056, "z": 0}, "Orientation_Quaternion": {"x": -0.022243609343623676, "y": 0.012575019908003424, "z": 0.020852952906547085, "w": 0.9994559745545368}}