{"Position": {"x": 4.268241746475901, "y": -1.4765533028578122, "z": 0}, "Orientation_Quaternion": {"x": -0.039430032736282504, "y": 0.02144272029712733, "z": 0.9982679910346434, "w": 0.038032884985655255}}