{"Position": {"x": 6.9359749995535065, "y": -0.5729579286738661, "z": 0}, "Orientation_Quaternion": {"x": 0.006428134979375049, "y": 0.03408298208508609, "z": -0.01095848790505863, "w": 0.9993382515223308}}