{"Position": {"x": 9.218667055059722, "y": -3.0588359657184583, "z": 0}, "Orientation_Quaternion": {"x": 0.01379880581077434, "y": 0.015968831170113894, "z": -0.6860649548811097, "w": 0.7272341212245461}}