{"Position": {"x": 9.313275898328016, "y": -0.9756989716260582, "z": 0}, "Orientation_Quaternion": {"x": 0.02657658774546185, "y": 0.017470987392137732, "z": -0.722805793026092, "w": 0.6903189372683279}}