{"Position": {"x": 9.295908373517483, "y": -4.188302995060995, "z": 0}, "Orientation_Quaternion": {"x": -0.03452842418455652, "y": 0.029086566511872275, "z": 0.7082312925446302, "w": 0.7045354468246748}}