{"Position": {"x": 9.15466505688358, "y": -2.3484702732444154, "z": 0}, "Orientation_Quaternion": {"x": -0.04239409046888889, "y": 0.03089705483950163, "z": 0.7363619808731517, "w": 0.6745510701348925}}