{"Position": {"x": 7.11388355844258, "y": -0.5874409127259436, "z": 0}, "Orientation_Quaternion": {"x": 0.0064118874221201026, "y": 0.03468107278944536, "z": -0.019334179426596886, "w": 0.9991908228140206}}