{"Position": {"x": 9.345494758746796, "y": -4.1165440555890855, "z": 0}, "Orientation_Quaternion": {"x": -0.02367817906019645, "y": 0.021867287565334854, "z": 0.9983024868523486, "w": -0.04851092985446296}}