{"Position": {"x": 6.592117894095164, "y": -0.573970217227461, "z": 0}, "Orientation_Quaternion": {"x": 0.007290571730731669, "y": 0.03406571132145484, "z": 0.008317817708766167, "w": 0.9993583885596629}}