{"Position": {"x": -0.373047491493251, "y": -1.1802740810634205, "z": 0}, "Orientation_Quaternion": {"x": -0.0018593195874109592, "y": 0.016851009422770635, "z": 0.035168963626340664, "w": 0.9992375745585004}}