{"Position": {"x": 9.251613770043805, "y": -1.632167329657686, "z": 0}, "Orientation_Quaternion": {"x": 0.01664235300328211, "y": 0.018472590037638015, "z": -0.6599889570986169, "w": 0.7508637506310285}}