{"Position": {"x": 5.217326167113018, "y": -0.5896803222269578, "z": 0}, "Orientation_Quaternion": {"x": 0.0104902366781417, "y": 0.041761252528511504, "z": -0.064265123729445, "w": 0.9970034837420206}}