{"Position": {"x": 9.20389908548422, "y": -1.973075891440282, "z": 0}, "Orientation_Quaternion": {"x": 0.017506345861827553, "y": 0.018964949730189435, "z": -0.7234752673112049, "w": 0.6898676656615224}}