{"Position": {"x": 0.23853443901456545, "y": 0.0006990940520889832, "z": 0}, "Orientation_Quaternion": {"x": 0.006794394200222444, "y": 0.028742567470245114, "z": 0.01291870742152257, "w": 0.9994802689504318}}