{"Position": {"x": -0.794487686786206, "y": -5.119836772091367, "z": 0}, "Orientation_Quaternion": {"x": -0.03830499467370828, "y": 0.031357578055904355, "z": 0.8699137325085937, "w": -0.4907132845914014}}