{"Position": {"x": 7.391249129380997, "y": -7.386448505161643, "z": 0}, "Orientation_Quaternion": {"x": -0.027324396356414947, "y": 0.009862797060291773, "z": 0.10887960041522501, "w": 0.9936303815862949}}