{"Position": {"x": -1.0316684864480445, "y": -6.420200783245901, "z": 0}, "Orientation_Quaternion": {"x": 0.017653410029141253, "y": -0.015804216836400008, "z": -0.5435784655411035, "w": 0.8390238588052847}}