{"Position": {"x": 9.226740227380947, "y": -3.173140936486664, "z": 0}, "Orientation_Quaternion": {"x": 0.013142273685622577, "y": 0.015254882076419802, "z": -0.6815024575074399, "w": 0.7315387683687903}}