{"Position": {"x": 7.054803736180602, "y": -0.5827613498465352, "z": 0}, "Orientation_Quaternion": {"x": 0.006547567250505114, "y": 0.034235010823605944, "z": -0.015642633221789815, "w": 0.9992699342134218}}