{"Position": {"x": 9.233214889222447, "y": -3.042523015337256, "z": 0}, "Orientation_Quaternion": {"x": -0.03923606509131504, "y": 0.029899004916170684, "z": 0.7434599416813353, "w": 0.6669586912368398}}