{"Position": {"x": 6.232143379583466, "y": -4.318414127432659, "z": 0}, "Orientation_Quaternion": {"x": -0.031590040120197234, "y": 0.027948237377889054, "z": 0.9990405233832009, "w": -0.011789742613527561}}