{"Position": {"x": -0.014485438591051003, "y": 0.0025146184906407743, "z": 0}, "Orientation_Quaternion": {"x": 0.006386268016590124, "y": 0.03179759480683729, "z": 0.0, "w": 0.9994739258956786}}