{"Position": {"x": 2.719577315757835, "y": -7.213694633760527, "z": 0}, "Orientation_Quaternion": {"x": -0.023803397385082123, "y": -0.0044618326924715625, "z": 0.00915771419234941, "w": 0.9996647571024616}}