{"Position": {"x": 9.330293818770922, "y": -4.114075465436718, "z": 0}, "Orientation_Quaternion": {"x": -0.016574613915980373, "y": 0.00840425499750107, "z": 0.9421161507548347, "w": -0.3347712788731538}}