{"Position": {"x": 9.139948998091969, "y": -2.1323641315488775, "z": 0}, "Orientation_Quaternion": {"x": -0.0434352528918124, "y": 0.03155913181350629, "z": 0.7318799443276491, "w": 0.6793152045231722}}