{"Position": {"x": 9.263655892979132, "y": -3.6407476739004507, "z": 0}, "Orientation_Quaternion": {"x": 0.011587681428675218, "y": 0.012923320955988585, "z": -0.6669024332581909, "w": 0.7449428554787811}}