{"Position": {"x": 5.560085257027945, "y": -0.6626147778622482, "z": 0}, "Orientation_Quaternion": {"x": 0.006563479022397307, "y": 0.033350225241279806, "z": 0.029068629930063712, "w": 0.9989993483348563}}