{"Position": {"x": 5.340480702312519, "y": -1.4726404943830491, "z": 0}, "Orientation_Quaternion": {"x": -0.03718979617586476, "y": 0.019052356281192145, "z": 0.9969423904481831, "w": -0.06602875818909912}}