{"Position": {"x": 9.295771481804358, "y": -3.6119733490717953, "z": 0}, "Orientation_Quaternion": {"x": -0.03523119063192351, "y": 0.028288724934108122, "z": 0.7212300685173356, "w": 0.6912204420550211}}