{"Position": {"x": 9.241815307504966, "y": -3.3872483786649474, "z": 0}, "Orientation_Quaternion": {"x": 0.01236952376967115, "y": 0.014094232596898426, "z": -0.6761603958814655, "w": 0.736515761223503}}