{"Position": {"x": 9.197477939639903, "y": -2.3554014104782253, "z": 0}, "Orientation_Quaternion": {"x": 0.01788277872731732, "y": 0.0200437059460757, "z": -0.6986964144430916, "w": 0.7149138245420246}}