{"Position": {"x": 8.990180745665599, "y": -1.1343465190018867, "z": 0}, "Orientation_Quaternion": {"x": -0.037136469162535775, "y": 0.01951293095126506, "z": 0.9979372058447473, "w": -0.04859486983838447}}