{"Position": {"x": -1.093354865130981, "y": -6.247057114584262, "z": 0}, "Orientation_Quaternion": {"x": 0.027466092894713016, "y": -0.01653591022934046, "z": -0.6713723099726621, "w": 0.7404264979158687}}