{"Position": {"x": 4.551846927427416, "y": -0.5028401961141178, "z": 0}, "Orientation_Quaternion": {"x": 0.008054790873695416, "y": 0.040218970947304485, "z": -0.05276262292866835, "w": 0.9977643310630061}}