{"Position": {"x": 4.549244867809262, "y": -1.4987668323463124, "z": 0}, "Orientation_Quaternion": {"x": -0.03889639783734048, "y": 0.020696949789037765, "z": 0.998700825317822, "w": 0.025600156527066736}}