{"Position": {"x": 9.21079244427937, "y": -2.8888736815320466, "z": 0}, "Orientation_Quaternion": {"x": -0.0400634335114805, "y": 0.0300984402475517, "z": 0.7488463551349022, "w": 0.6608465340690741}}