{"Position": {"x": 5.817711312176191, "y": -1.4213596131234858, "z": 0}, "Orientation_Quaternion": {"x": -0.03688644920444389, "y": 0.02022171168462729, "z": 0.9977672507088724, "w": -0.05187471112681047}}