{"Position": {"x": 7.542243095843831, "y": -1.2884622775771433, "z": 0}, "Orientation_Quaternion": {"x": -0.03480309871912003, "y": 0.021703469743031136, "z": 0.9978727351061084, "w": -0.05067255916682003}}