{"Position": {"x": 9.260907456726372, "y": -1.5407319728908249, "z": 0}, "Orientation_Quaternion": {"x": 0.02436701926287702, "y": 0.018079597301699363, "z": -0.7228361883765475, "w": 0.6903529686377218}}