{"Position": {"x": 7.391218083589328, "y": -7.387103758786729, "z": 0}, "Orientation_Quaternion": {"x": -0.027368534953193063, "y": 0.010017950306251468, "z": 0.10884736715696836, "w": 0.9936311461650009}}