{"Position": {"x": 5.558379209134152, "y": -0.6654756919517278, "z": 0}, "Orientation_Quaternion": {"x": 0.0022175172509775786, "y": 0.033603940410523774, "z": 0.029381439309621598, "w": 0.9990007952100052}}