{"Position": {"x": 9.176099163383562, "y": -2.585022697715243, "z": 0}, "Orientation_Quaternion": {"x": -0.040896466771156055, "y": 0.030441555312031524, "z": 0.7428080837026033, "w": 0.6675604403362188}}