{"Position": {"x": 0.0990443298338175, "y": -4.72252902545209, "z": 0}, "Orientation_Quaternion": {"x": -0.05519522600746487, "y": 0.03857557275482567, "z": 0.9974482505368956, "w": -0.023714968132142415}}