{"Position": {"x": 6.550393909333952, "y": -0.5753942798218693, "z": 0}, "Orientation_Quaternion": {"x": 0.006728278134639786, "y": 0.03443875974000775, "z": 0.009662079807613026, "w": 0.9993374536735348}}