{"Position": {"x": 0.01651593823931846, "y": -7.183882034144744, "z": 0}, "Orientation_Quaternion": {"x": -0.01710291760552081, "y": -0.007154403233147051, "z": -0.12244321369532007, "w": 0.9923023552041578}}