{"Position": {"x": 8.794496225673043, "y": -6.898082824733601, "z": 0}, "Orientation_Quaternion": {"x": -0.028314788372323166, "y": 0.02065334503934222, "z": 0.2986913075785843, "w": 0.9537060421718592}}