{"Position": {"x": 5.4505922182607, "y": -1.4583964590569534, "z": 0}, "Orientation_Quaternion": {"x": -0.03662312744829514, "y": 0.0194995625155547, "z": 0.9972864304946691, "w": -0.060813560566778946}}