{"Position": {"x": 3.3405003488906084, "y": -1.4305692798156826, "z": 0}, "Orientation_Quaternion": {"x": -0.042036523871180946, "y": 0.019783678329264948, "z": 0.9988254114531376, "w": 0.013759875292381232}}