{"Position": {"x": 9.206372825454316, "y": -1.9735200405885407, "z": 0}, "Orientation_Quaternion": {"x": 0.018651608141674676, "y": 0.01615761013744559, "z": -0.7631190918677231, "w": 0.6457865752517291}}