{"Position": {"x": 6.712916602418673, "y": -0.5712960685064271, "z": 0}, "Orientation_Quaternion": {"x": 0.006618868220990967, "y": 0.03330820117753025, "z": 0.0015344000716002169, "w": 0.9994220329441464}}