{"Position": {"x": 9.29850575313437, "y": -3.934684322699122, "z": 0}, "Orientation_Quaternion": {"x": -0.0337565793389169, "y": 0.028404635580814703, "z": 0.7056808290881932, "w": 0.7071550307296532}}