{"Position": {"x": 6.579134840915164, "y": -1.3495158411156414, "z": 0}, "Orientation_Quaternion": {"x": -0.037008045985527746, "y": 0.02235720239073193, "z": 0.9980352219344282, "w": -0.045345956951967394}}