{"Position": {"x": 9.255393613181994, "y": -1.6384257696467728, "z": 0}, "Orientation_Quaternion": {"x": 0.02378022545423012, "y": 0.017863605629233358, "z": -0.6727894120971001, "w": 0.7392359565397963}}