{"Position": {"x": 1.534086125341189, "y": -0.1456828356586221, "z": 0}, "Orientation_Quaternion": {"x": 0.010786485122406398, "y": 0.02920441382402023, "z": -0.06709482642404661, "w": 0.9972607674119275}}