{"Position": {"x": 9.293155520247034, "y": -3.909020047419308, "z": 0}, "Orientation_Quaternion": {"x": 0.011499257169142702, "y": 0.013205051815087254, "z": -0.6565510825990133, "w": 0.7540782914453793}}