{"Position": {"x": 9.342581479665665, "y": -4.1174947032155815, "z": 0}, "Orientation_Quaternion": {"x": -0.023468316048243714, "y": 0.021125572204541684, "z": 0.998770554011282, "w": -0.03821424840144382}}