{"Position": {"x": 1.9564807073480108, "y": -7.220578415101022, "z": 0}, "Orientation_Quaternion": {"x": -0.027088609556397268, "y": -0.007015592185782822, "z": 0.025486397642459645, "w": 0.9992834594016826}}