{"Position": {"x": 9.310283839742514, "y": -4.609177011796661, "z": 0}, "Orientation_Quaternion": {"x": -0.036024396184421735, "y": 0.02892396850191352, "z": 0.7901542363957834, "w": 0.6111644047483824}}