{"Position": {"x": -1.0047847744855, "y": -5.554947368418433, "z": 0}, "Orientation_Quaternion": {"x": 0.030388153310425277, "y": -0.026741200372497234, "z": -0.7899946963921167, "w": 0.611775978617457}}