{"Position": {"x": 7.357487907468462, "y": -7.371103160218903, "z": 0}, "Orientation_Quaternion": {"x": -0.02385186379554823, "y": 0.012105904395539383, "z": 0.0519886272290065, "w": 0.9982893960726459}}