{"Position": {"x": -0.9125289127090643, "y": -6.626385008859675, "z": 0}, "Orientation_Quaternion": {"x": 0.006190782353781479, "y": -0.013940621965648874, "z": -0.4160404165601717, "w": 0.9092181834199632}}