{"Position": {"x": 5.963384659110822, "y": -1.407608198237492, "z": 0}, "Orientation_Quaternion": {"x": -0.03700341548319727, "y": 0.020352456122002344, "z": 0.997184545369186, "w": -0.061963757546081945}}