{"Position": {"x": 6.482241240817153, "y": -0.6280539110893502, "z": 0}, "Orientation_Quaternion": {"x": 0.007261901309072276, "y": 0.033433005888242225, "z": 0.00273775175149242, "w": 0.9994108282493247}}