{"Position": {"x": 9.275118396396234, "y": -1.853949646005936, "z": 0}, "Orientation_Quaternion": {"x": 0.017224894663734957, "y": 0.017236569723413208, "z": -0.6670496396853385, "w": 0.7446146532694969}}