{"Position": {"x": 9.25800694540038, "y": -3.2551316151958685, "z": 0}, "Orientation_Quaternion": {"x": -0.03853673016670421, "y": 0.030056576406031283, "z": 0.7377242853042485, "w": 0.6733308262029467}}