{"Position": {"x": 7.052097611462081, "y": -4.247675265271154, "z": 0}, "Orientation_Quaternion": {"x": -0.02849184949456959, "y": 0.027003487965244845, "z": 0.9989285614499221, "w": -0.024510309457021283}}