{"Position": {"x": 7.391390811924145, "y": -7.387411057377604, "z": 0}, "Orientation_Quaternion": {"x": -0.02743433687635325, "y": 0.009948543582893443, "z": 0.1089507524343837, "w": 0.9936186980852946}}