{"Position": {"x": -1.0934796772571407, "y": -6.24701515291434, "z": 0}, "Orientation_Quaternion": {"x": 0.027466092894713016, "y": -0.01653591022934046, "z": -0.6713723099726621, "w": 0.7404264979158687}}