{"Position": {"x": 9.2106595867944, "y": -2.8074786841838253, "z": 0}, "Orientation_Quaternion": {"x": 0.015466843436418047, "y": 0.01794599707435933, "z": -0.6907328831409311, "w": 0.7227218013114988}}