{"Position": {"x": -1.0834894577603496, "y": -5.92680290195959, "z": 0}, "Orientation_Quaternion": {"x": 0.028757340414668677, "y": -0.020705585729480266, "z": -0.7342695987808593, "w": 0.6779324821824589}}