{"Position": {"x": 9.320577688475998, "y": -0.4024596337043894, "z": 0}, "Orientation_Quaternion": {"x": 0.02453765114513283, "y": 0.020844020184600475, "z": -0.6518681122891328, "w": 0.757648595774734}}