{"Position": {"x": 6.000636856170702, "y": -1.4024702407331917, "z": 0}, "Orientation_Quaternion": {"x": -0.037523269310024664, "y": 0.0208193415733805, "z": 0.9972725419358024, "w": -0.06005028207795169}}