{"Position": {"x": 7.105131244098694, "y": -7.373040368770056, "z": 0}, "Orientation_Quaternion": {"x": -0.02360001689714658, "y": 0.011782156856625038, "z": 0.023773958159927847, "w": 0.9993693105632523}}