{"Position": {"x": 0.04707163975540918, "y": 0.002559729504128243, "z": 0}, "Orientation_Quaternion": {"x": 0.009722039840979548, "y": 0.03207430924596142, "z": -0.012672403574630292, "w": 0.9993578592353024}}