{"Position": {"x": -0.014484392686387293, "y": 0.0025303371139457423, "z": 0}, "Orientation_Quaternion": {"x": 0.006420011958321115, "y": 0.031795018326563354, "z": 0.0, "w": 0.9994737916804365}}