{"Position": {"x": 7.391230004518283, "y": -7.387276373837999, "z": 0}, "Orientation_Quaternion": {"x": -0.027368534953193063, "y": 0.010017950306251468, "z": 0.10884736715696836, "w": 0.9936311461650009}}