{"Position": {"x": 8.27404218597758, "y": -1.2202830660330308, "z": 0}, "Orientation_Quaternion": {"x": -0.03646450833228111, "y": 0.01983821003720249, "z": 0.9971736590070722, "w": -0.06262171218556807}}