{"Position": {"x": 4.982627485337195, "y": -1.505574510379952, "z": 0}, "Orientation_Quaternion": {"x": -0.03850520344918274, "y": 0.019445229032478993, "z": 0.9988355488024288, "w": -0.021605064771078587}}