{"Position": {"x": 9.309134488338342, "y": -4.579833782075215, "z": 0}, "Orientation_Quaternion": {"x": -0.0352070753833825, "y": 0.029879062564198876, "z": 0.7526904611333987, "w": 0.656753205688427}}