{"Position": {"x": 6.234725869496548, "y": -0.6304076405780217, "z": 0}, "Orientation_Quaternion": {"x": 0.00929739970465937, "y": 0.04456770010642177, "z": 0.009886941790670593, "w": 0.9989141739148483}}