{"Position": {"x": 9.395708580579107, "y": -5.674973742386662, "z": 0}, "Orientation_Quaternion": {"x": -0.03656449113216113, "y": 0.02796316104249932, "z": 0.6770303742262961, "w": 0.7345141060509043}}