{"Position": {"x": 9.204479209178848, "y": -2.646914817712425, "z": 0}, "Orientation_Quaternion": {"x": 0.016945363333038543, "y": 0.01911871996529778, "z": -0.6940859301969843, "w": 0.719438705318936}}