{"Position": {"x": 8.962501144771581, "y": -0.4042065763810387, "z": 0}, "Orientation_Quaternion": {"x": 0.00165584227876176, "y": 0.03264895796561449, "z": 0.05353503252520832, "w": 0.9980307129656043}}