{"Position": {"x": 9.318354551396345, "y": -4.079498628722523, "z": 0}, "Orientation_Quaternion": {"x": 0.011147232232869304, "y": 0.01460207962992013, "z": -0.6544815559041419, "w": 0.7558547555352957}}