{"Position": {"x": 9.294772786272382, "y": -1.3048448144938842, "z": 0}, "Orientation_Quaternion": {"x": 0.025429329511564413, "y": 0.015763622154200102, "z": -0.7238698774798091, "w": 0.689287500172851}}