{"Position": {"x": 1.9687501304585038, "y": -4.720431459057613, "z": 0}, "Orientation_Quaternion": {"x": -0.0557336211143892, "y": 0.03523732348893169, "z": 0.9978060721265486, "w": -0.005927641875396975}}