{"Position": {"x": 8.988306991929317, "y": -1.1341479417814688, "z": 0}, "Orientation_Quaternion": {"x": -0.037234047438636314, "y": 0.02056187494742448, "z": 0.9974679852749581, "w": -0.056995204723729334}}