{"Position": {"x": 5.564701443219885, "y": -0.6617865728984956, "z": 0}, "Orientation_Quaternion": {"x": 0.005240499921473165, "y": 0.029268122920040374, "z": 0.02652635957890507, "w": 0.9992058178317423}}