{"Position": {"x": -0.32132809706251814, "y": -1.2507066949371612, "z": 0}, "Orientation_Quaternion": {"x": -0.049460928322894955, "y": 0.014654540462083077, "z": 0.9977945727032433, "w": -0.0417714220159513}}