{"Position": {"x": 2.713350521545085, "y": -1.4127852928011757, "z": 0}, "Orientation_Quaternion": {"x": -0.04149636523640706, "y": 0.01797793574882899, "z": 0.9988991967217538, "w": 0.01245954601951929}}