{"Position": {"x": 9.415956622119909, "y": -5.186029576384031, "z": 0}, "Orientation_Quaternion": {"x": -0.03584650502180797, "y": 0.0295732801231251, "z": 0.7186139167361727, "w": 0.6938548031494614}}