{"Position": {"x": 5.1028529608305, "y": -1.4993055417388053, "z": 0}, "Orientation_Quaternion": {"x": -0.03854697589379065, "y": 0.01930911662348704, "z": 0.9982765366620229, "w": -0.03981513549821093}}