{"Position": {"x": 6.076933269193999, "y": -0.6367054220414016, "z": 0}, "Orientation_Quaternion": {"x": 0.007664226993540287, "y": 0.0326037447010744, "z": 0.019975194881292672, "w": 0.9992393342165394}}