{"Position": {"x": 9.228031399885648, "y": -3.1859716248864878, "z": 0}, "Orientation_Quaternion": {"x": 0.012929661067224854, "y": 0.015015144678879358, "z": -0.6810095836613943, "w": 0.7320063635353817}}