{"Position": {"x": 6.550361935772248, "y": -0.5753933464755462, "z": 0}, "Orientation_Quaternion": {"x": 0.006731599745178525, "y": 0.03444849417200643, "z": 0.009661308742134127, "w": 0.9993371032477184}}