{"Position": {"x": 9.297775647260737, "y": -0.36081968849918256, "z": 0}, "Orientation_Quaternion": {"x": 0.0005980199661237266, "y": 0.03321209853714748, "z": 0.04439131823720568, "w": 0.9984618218780535}}