{"Position": {"x": 9.203649867175557, "y": -2.825624042215899, "z": 0}, "Orientation_Quaternion": {"x": -0.04001095484808814, "y": 0.030402369541456295, "z": 0.7487209376288166, "w": 0.6609778944674582}}