{"Position": {"x": 9.195929441215863, "y": -2.272984102898207, "z": 0}, "Orientation_Quaternion": {"x": 0.01797379188800903, "y": 0.01962296859726366, "z": -0.7018649609380468, "w": 0.7118127973814683}}