{"Position": {"x": 9.331122936435406, "y": -0.6004945379892248, "z": 0}, "Orientation_Quaternion": {"x": 0.025640576381132364, "y": 0.018652406945620904, "z": -0.7046623038502072, "w": 0.7088340328246779}}