{"Position": {"x": 5.221712012725878, "y": -1.486634259056258, "z": 0}, "Orientation_Quaternion": {"x": -0.038187916923538186, "y": 0.01874922010114579, "z": 0.9975090518840241, "w": -0.056265808054937}}