{"Position": {"x": 9.324693143485144, "y": -0.7401327626817966, "z": 0}, "Orientation_Quaternion": {"x": 0.026676204256312456, "y": 0.0185751543846961, "z": -0.7194038683674095, "w": 0.693830972171225}}