{"Position": {"x": -1.0932329140277706, "y": -6.247098122579867, "z": 0}, "Orientation_Quaternion": {"x": 0.027466092894713016, "y": -0.01653591022934046, "z": -0.6713723099726621, "w": 0.7404264979158687}}