{"Position": {"x": -0.3958671759035691, "y": -4.870233357611059, "z": 0}, "Orientation_Quaternion": {"x": -0.050291193320298126, "y": 0.038308886116828596, "z": 0.9725608526246761, "w": -0.22389420059678067}}