{"Position": {"x": -0.35036225757168016, "y": -1.2367265104176501, "z": 0}, "Orientation_Quaternion": {"x": -0.04853948796224305, "y": 0.010796150780206, "z": 0.9835199400567428, "w": 0.17382718069242076}}