{"Position": {"x": 9.252765158096546, "y": -1.631972097448841, "z": 0}, "Orientation_Quaternion": {"x": 0.016671873184461294, "y": 0.018533393246376154, "z": -0.6600450697343683, "w": 0.7508122720751501}}