{"Position": {"x": 0.5161623806583009, "y": -7.281269279605009, "z": 0}, "Orientation_Quaternion": {"x": -0.023124512469148675, "y": -0.0058872830591549415, "z": -0.019333409299438126, "w": 0.9995282968010991}}