{"Position": {"x": 9.002530713286596, "y": -1.0935636720554867, "z": 0}, "Orientation_Quaternion": {"x": -0.04214449975057408, "y": 0.026861295124059815, "z": 0.9625020034338938, "w": 0.26663121600962797}}