{"Position": {"x": 9.208325468236113, "y": -2.7663049614377777, "z": 0}, "Orientation_Quaternion": {"x": 0.01597022980202626, "y": 0.018041232261325157, "z": -0.6923265922924244, "w": 0.7211819155409559}}