{"Position": {"x": 9.113702217159462, "y": -1.7670170857859175, "z": 0}, "Orientation_Quaternion": {"x": -0.0426462380402067, "y": 0.03067610321701458, "z": 0.7384852399956435, "w": 0.6722200721348729}}