{"Position": {"x": -0.37984591770710857, "y": -1.1767248567517685, "z": 0}, "Orientation_Quaternion": {"x": 0.005512120151840539, "y": 0.03184725315094392, "z": 0.0347546857401468, "w": 0.9988731054629888}}