{"Position": {"x": 6.1772035038556865, "y": -7.304910050520801, "z": 0}, "Orientation_Quaternion": {"x": -0.021934306331978674, "y": 0.0017176815373593681, "z": 0.022519905205305293, "w": 0.9995042719495576}}