{"Position": {"x": 9.3094403703397, "y": -4.575785039637603, "z": 0}, "Orientation_Quaternion": {"x": -0.03537449103523358, "y": 0.029453367715477234, "z": 0.7522211379209114, "w": 0.6573009236104754}}