{"Position": {"x": 7.035761636621838, "y": -1.327409953518362, "z": 0}, "Orientation_Quaternion": {"x": -0.03479496512581479, "y": 0.023219686822046993, "z": 0.9981397147029071, "w": -0.04435387783022414}}