{"Position": {"x": 7.09462873390754, "y": -1.3251634846946805, "z": 0}, "Orientation_Quaternion": {"x": -0.034931307782877376, "y": 0.02422780422998554, "z": 0.998063395423641, "w": -0.045412288581444804}}