{"Position": {"x": 8.09701048762441, "y": -4.149890781340019, "z": 0}, "Orientation_Quaternion": {"x": -0.02708833405488374, "y": 0.025441046119495155, "z": 0.9991755812673127, "w": -0.016344207830439914}}