{"Position": {"x": 8.032372928459651, "y": -1.244765259287845, "z": 0}, "Orientation_Quaternion": {"x": -0.03561232657509103, "y": 0.019934123639302873, "z": 0.9976542720836314, "w": -0.05495767738834725}}