{"Position": {"x": -0.014578951202625645, "y": 0.00245356493663533, "z": 0}, "Orientation_Quaternion": {"x": 0.006256620350538271, "y": 0.03201429983996184, "z": 0.0, "w": 0.9994678280502811}}