{"Position": {"x": 9.32057738838, "y": -0.4024536013343458, "z": 0}, "Orientation_Quaternion": {"x": 0.02455707830559131, "y": 0.02087688049715391, "z": -0.6518695265700493, "w": 0.7576458447686099}}