{"Position": {"x": 9.200834265952377, "y": -2.5259625718204415, "z": 0}, "Orientation_Quaternion": {"x": 0.01741246535940335, "y": 0.01958115990703737, "z": -0.6954071639049205, "w": 0.7181380512244965}}