{"Position": {"x": -0.37313970809437824, "y": -1.1802654699522426, "z": 0}, "Orientation_Quaternion": {"x": -0.0018512879445445943, "y": 0.016850125420312105, "z": 0.03516854051689054, "w": 0.9992376192699002}}