{"Position": {"x": 9.189447585065924, "y": -2.7107642286680953, "z": 0}, "Orientation_Quaternion": {"x": -0.040305391039250266, "y": 0.030784960901272154, "z": 0.7464417234946772, "w": 0.6635152711594333}}