{"Position": {"x": 8.782831517776135, "y": -4.138154809270536, "z": 0}, "Orientation_Quaternion": {"x": -0.026508097809342396, "y": 0.024303645999246656, "z": 0.9993437982438772, "w": 0.0043158374824063496}}