{"Position": {"x": 6.550479884226549, "y": -0.575474811134773, "z": 0}, "Orientation_Quaternion": {"x": 0.006696087611325678, "y": 0.03437791308746497, "z": 0.00966516299923116, "w": 0.9993397350884485}}